Feature Category,Feature,Status,Description
Element System,8 Elements,âœ… Complete,Fire/Ice/Lightning/Water/Earth/Shadow/Wind/Light
Element System,Effectiveness Matrix,âœ… Complete,Rock-paper-scissors combat advantages
Element System,Element Skills,âœ… Complete,Powerful elemental attacks with stamina cost
Combat System,Turn-based Battle,âœ… Complete,Attack/Defend/Heal/Element actions
Combat System,Damage Formula,âœ… Complete,(ATK - DEF*0.5) * Element * Random * Crit
Combat System,Critical Hits,âœ… Complete,10% base chance + agility bonus
Combat System,NPC AI,âœ… Complete,Smart action selection based on HP/stamina
Player System,Character Creation,âœ… Complete,Element selection and starting stats
Player System,Leveling System,âœ… Complete,"XP formula: LevelÂ² Ã— 100, +5 all stats"
Player System,Profile Management,âœ… Complete,Stats tracking and display
Battle System,NPC Battles,âœ… Complete,8 locations with themed enemies
Battle System,PvP System,âœ… Complete,Challenge codes and private DM battles
Battle System,Battle History,âœ… Complete,Win/loss tracking and statistics
Economy,Coin System,âœ… Complete,"Earn from battles, spend in shop"
Economy,Shop System,âœ… Complete,Weapons/Armor/Potions with stat bonuses
Economy,Daily Rewards,âœ… Complete,Login bonuses with streak multipliers
Progression,Experience System,âœ… Complete,"XP from battles, level up rewards"
Progression,Achievement System,âœ… Complete,Unlock achievements for bonuses
Progression,Rankings,âœ… Complete,Leaderboard by level and XP
Admin Panel,Owner Commands,âœ… Complete,Broadcast/Donate/Stats for owner only
Admin Panel,Broadcast System,âœ… Complete,Send messages to all users
Admin Panel,Resource Donation,âœ… Complete,Give coins/XP to users
Admin Panel,Bot Statistics,âœ… Complete,User counts and activity stats
Database,SQLite Support,âœ… Complete,Local development database
Database,PostgreSQL Ready,âœ… Complete,Production database support
Database,Async Operations,âœ… Complete,Non-blocking database calls
Deployment,Vercel Ready,âœ… Complete,Production webhook deployment
Deployment,Environment Config,âœ… Complete,Secure environment variables
Deployment,Error Handling,âœ… Complete,Comprehensive error management
UI/UX,Inline Keyboards,âœ… Complete,Interactive button menus
UI/UX,Reply Keyboards,âœ… Complete,Quick access menu buttons
UI/UX,Emoji Integration,âœ… Complete,Rich visual feedback
UI/UX,Markdown Formatting,âœ… Complete,Beautiful message formatting
Quality,Type Hints,âœ… Complete,Full type annotation throughout
Quality,Documentation,âœ… Complete,Comprehensive docstrings
Quality,Logging System,âœ… Complete,Structured logging for debugging
Quality,Rate Limiting,âœ… Complete,Prevent API abuse
Future Ready,Guild System,ðŸ”§ Prepared,Framework ready for expansion
Future Ready,Tournament Mode,ðŸ”§ Prepared,PvP system expandable
Future Ready,Crafting System,ðŸ”§ Prepared,Item system expandable
Future Ready,Mobile Interface,ðŸ”§ Prepared,Web interface ready

